{
  "timestamp": "20250706_104053",
  "system_info": {
    "cpu_cores": 16,
    "total_memory_gb": 15.47674560546875
  },
  "results": [
    {
      "batch_size": 5,
      "runs": 3,
      "avg_time": 0.3111983935038249,
      "min_time": 0.20127534866333008,
      "max_time": 0.45006561279296875,
      "avg_throughput": 17.888536627007163,
      "avg_cpu": 2.466666666666667,
      "max_cpu": 6.2,
      "avg_memory_mb": 3422.4921875,
      "success_rate": 100.0,
      "raw_results": [
        {
          "batch_size": 5,
          "run": 1,
          "execution_time": 0.2822542190551758,
          "successful": 5,
          "failed": 0,
          "throughput": 17.714527055564,
          "initial_cpu": 5.0,
          "cpu_avg": 1.2,
          "cpu_max": 1.2,
          "cpu_min": 1.2,
          "memory_avg_mb": 3443.0390625,
          "memory_max_mb": 3443.0390625,
          "samples": 1,
          "status": "success"
        },
        {
          "batch_size": 5,
          "run": 2,
          "execution_time": 0.45006561279296875,
          "successful": 5,
          "failed": 0,
          "throughput": 11.109491278330593,
          "initial_cpu": 0.0,
          "cpu_avg": 0.0,
          "cpu_max": 0.0,
          "cpu_min": 0.0,
          "memory_avg_mb": 3432.8515625,
          "memory_max_mb": 3432.8515625,
          "samples": 1,
          "status": "success"
        },
        {
          "batch_size": 5,
          "run": 3,
          "execution_time": 0.20127534866333008,
          "successful": 5,
          "failed": 0,
          "throughput": 24.8415915471269,
          "initial_cpu": 5.0,
          "cpu_avg": 6.2,
          "cpu_max": 6.2,
          "cpu_min": 6.2,
          "memory_avg_mb": 3391.5859375,
          "memory_max_mb": 3391.5859375,
          "samples": 1,
          "status": "success"
        }
      ]
    },
    {
      "batch_size": 10,
      "runs": 3,
      "avg_time": 0.2757790883382161,
      "min_time": 0.2672901153564453,
      "max_time": 0.292708158493042,
      "avg_throughput": 36.32731521148927,
      "avg_cpu": 4.766666666666667,
      "max_cpu": 5.6,
      "avg_memory_mb": 3432.6614583333335,
      "success_rate": 100.0,
      "raw_results": [
        {
          "batch_size": 10,
          "run": 1,
          "execution_time": 0.2672901153564453,
          "successful": 10,
          "failed": 0,
          "throughput": 37.41253202223538,
          "initial_cpu": 0.0,
          "cpu_avg": 3.7,
          "cpu_max": 3.7,
          "cpu_min": 3.7,
          "memory_avg_mb": 3409.98828125,
          "memory_max_mb": 3409.98828125,
          "samples": 1,
          "status": "success"
        },
        {
          "batch_size": 10,
          "run": 2,
          "execution_time": 0.292708158493042,
          "successful": 10,
          "failed": 0,
          "throughput": 34.163721474260555,
          "initial_cpu": 0.0,
          "cpu_avg": 5.6,
          "cpu_max": 5.6,
          "cpu_min": 5.6,
          "memory_avg_mb": 3447.41796875,
          "memory_max_mb": 3447.41796875,
          "samples": 1,
          "status": "success"
        },
        {
          "batch_size": 10,
          "run": 3,
          "execution_time": 0.26733899116516113,
          "successful": 10,
          "failed": 0,
          "throughput": 37.405692137971876,
          "initial_cpu": 6.2,
          "cpu_avg": 5.0,
          "cpu_max": 5.0,
          "cpu_min": 5.0,
          "memory_avg_mb": 3440.578125,
          "memory_max_mb": 3440.578125,
          "samples": 1,
          "status": "success"
        }
      ]
    },
    {
      "batch_size": 20,
      "runs": 3,
      "avg_time": 0.43932469685872394,
      "min_time": 0.3630256652832031,
      "max_time": 0.5654633045196533,
      "avg_throughput": 47.270531352716205,
      "avg_cpu": 2.2666666666666666,
      "max_cpu": 6.2,
      "avg_memory_mb": 3422.6940104166665,
      "success_rate": 100.0,
      "raw_results": [
        {
          "batch_size": 20,
          "run": 1,
          "execution_time": 0.5654633045196533,
          "successful": 20,
          "failed": 0,
          "throughput": 35.36922703939116,
          "initial_cpu": 0.6,
          "cpu_avg": 0.0,
          "cpu_max": 0.0,
          "cpu_min": 0.0,
          "memory_avg_mb": 3438.19140625,
          "memory_max_mb": 3438.19140625,
          "samples": 1,
          "status": "success"
        },
        {
          "batch_size": 20,
          "run": 2,
          "execution_time": 0.3630256652832031,
          "successful": 20,
          "failed": 0,
          "throughput": 55.0925235117953,
          "initial_cpu": 3.1,
          "cpu_avg": 6.2,
          "cpu_max": 6.2,
          "cpu_min": 6.2,
          "memory_avg_mb": 3416.3828125,
          "memory_max_mb": 3416.3828125,
          "samples": 1,
          "status": "success"
        },
        {
          "batch_size": 20,
          "run": 3,
          "execution_time": 0.38948512077331543,
          "successful": 20,
          "failed": 0,
          "throughput": 51.34984350696215,
          "initial_cpu": 1.9,
          "cpu_avg": 0.6,
          "cpu_max": 0.6,
          "cpu_min": 0.6,
          "memory_avg_mb": 3413.5078125,
          "memory_max_mb": 3413.5078125,
          "samples": 1,
          "status": "success"
        }
      ]
    },
    {
      "batch_size": 30,
      "runs": 3,
      "avg_time": 0.4799582163492839,
      "min_time": 0.45569801330566406,
      "max_time": 0.5021264553070068,
      "avg_throughput": 62.60438750445894,
      "avg_cpu": 3.3000000000000003,
      "max_cpu": 6.2,
      "avg_memory_mb": 3409.6106770833335,
      "success_rate": 100.0,
      "raw_results": [
        {
          "batch_size": 30,
          "run": 1,
          "execution_time": 0.45569801330566406,
          "successful": 30,
          "failed": 0,
          "throughput": 65.83307173620965,
          "initial_cpu": 1.9,
          "cpu_avg": 6.2,
          "cpu_max": 6.2,
          "cpu_min": 6.2,
          "memory_avg_mb": 3420.5625,
          "memory_max_mb": 3420.5625,
          "samples": 1,
          "status": "success"
        },
        {
          "batch_size": 30,
          "run": 2,
          "execution_time": 0.5021264553070068,
          "successful": 30,
          "failed": 0,
          "throughput": 59.7459060022193,
          "initial_cpu": 1.2,
          "cpu_avg": 0.0,
          "cpu_max": 0.0,
          "cpu_min": 0.0,
          "memory_avg_mb": 3415.1953125,
          "memory_max_mb": 3415.1953125,
          "samples": 1,
          "status": "success"
        },
        {
          "batch_size": 30,
          "run": 3,
          "execution_time": 0.48205018043518066,
          "successful": 30,
          "failed": 0,
          "throughput": 62.234184774947884,
          "initial_cpu": 4.9,
          "cpu_avg": 3.7,
          "cpu_max": 3.7,
          "cpu_min": 3.7,
          "memory_avg_mb": 3393.07421875,
          "memory_max_mb": 3393.07421875,
          "samples": 1,
          "status": "success"
        }
      ]
    },
    {
      "batch_size": 50,
      "runs": 3,
      "avg_time": 0.8191461563110352,
      "min_time": 0.7191550731658936,
      "max_time": 0.871635913848877,
      "avg_throughput": 61.5276730660924,
      "avg_cpu": 7.866666666666666,
      "max_cpu": 20.6,
      "avg_memory_mb": 3425.970703125,
      "success_rate": 100.0,
      "raw_results": [
        {
          "batch_size": 50,
          "run": 1,
          "execution_time": 0.871635913848877,
          "successful": 50,
          "failed": 0,
          "throughput": 57.3634004813034,
          "initial_cpu": 6.2,
          "cpu_avg": 4.949999999999999,
          "cpu_max": 5.6,
          "cpu_min": 4.3,
          "memory_avg_mb": 3406.99609375,
          "memory_max_mb": 3408.0703125,
          "samples": 2,
          "status": "success"
        },
        {
          "batch_size": 50,
          "run": 2,