{
  "timestamp": "20250706_103903",
  "system_info": {
    "cpu_cores": 16,
    "total_memory_gb": 15.47674560546875
  },
  "results": [
    {
      "batch_size": 5,
      "runs": 3,
      "avg_time": 0.1928849220275879,
      "min_time": 0.17882966995239258,
      "max_time": 0.20230412483215332,
      "avg_throughput": 25.996199577786093,
      "avg_cpu": 7.633333333333333,
      "max_cpu": 13.6,
      "avg_memory_mb": 3406.9453125,
      "success_rate": 100.0,
      "raw_results": [
        {
          "batch_size": 5,
          "run": 1,
          "execution_time": 0.20230412483215332,
          "successful": 5,
          "failed": 0,
          "throughput": 24.715264724080022,
          "initial_cpu": 21.7,
          "cpu_avg": 13.6,
          "cpu_max": 13.6,
          "cpu_min": 13.6,
          "memory_avg_mb": 3395.70703125,
          "memory_max_mb": 3395.70703125,
          "samples": 1,
          "status": "success"
        },
        {
          "batch_size": 5,
          "run": 2,
          "execution_time": 0.17882966995239258,
          "successful": 5,
          "failed": 0,
          "throughput": 27.95956622483888,
          "initial_cpu": 1.9,
          "cpu_avg": 8.7,
          "cpu_max": 8.7,
          "cpu_min": 8.7,
          "memory_avg_mb": 3414.78515625,
          "memory_max_mb": 3414.78515625,
          "samples": 1,
          "status": "success"
        },
        {
          "batch_size": 5,
          "run": 3,
          "execution_time": 0.19752097129821777,
          "successful": 5,
          "failed": 0,
          "throughput": 25.313767784439378,
          "initial_cpu": 4.4,
          "cpu_avg": 0.6,
          "cpu_max": 0.6,
          "cpu_min": 0.6,
          "memory_avg_mb": 3410.34375,
          "memory_max_mb": 3410.34375,
          "samples": 1,
          "status": "success"
        }
      ]
    },
    {
      "batch_size": 10,
      "runs": 3,
      "avg_time": 0.25147374471028644,
      "min_time": 0.24068236351013184,
      "max_time": 0.2649986743927002,
      "avg_throughput": 39.829054654463555,
      "avg_cpu": 6.7,
      "max_cpu": 7.5,
      "avg_memory_mb": 3386.0598958333335,
      "success_rate": 100.0,
      "raw_results": [
        {
          "batch_size": 10,
          "run": 1,
          "execution_time": 0.2649986743927002,
          "successful": 10,
          "failed": 0,
          "throughput": 37.73603782327247,
          "initial_cpu": 1.9,
          "cpu_avg": 6.3,
          "cpu_max": 6.3,
          "cpu_min": 6.3,
          "memory_avg_mb": 3387.890625,
          "memory_max_mb": 3387.890625,
          "samples": 1,
          "status": "success"
        },
        {
          "batch_size": 10,
          "run": 2,
          "execution_time": 0.24874019622802734,
          "successful": 10,
          "failed": 0,
          "throughput": 40.20258949555829,
          "initial_cpu": 6.8,
          "cpu_avg": 7.5,
          "cpu_max": 7.5,
          "cpu_min": 7.5,
          "memory_avg_mb": 3380.49609375,
          "memory_max_mb": 3380.49609375,
          "samples": 1,
          "status": "success"
        },
        {
          "batch_size": 10,
          "run": 3,
          "execution_time": 0.24068236351013184,
          "successful": 10,
          "failed": 0,
          "throughput": 41.5485366445599,
          "initial_cpu": 1.2,
          "cpu_avg": 6.3,
          "cpu_max": 6.3,
          "cpu_min": 6.3,
          "memory_avg_mb": 3389.79296875,
          "memory_max_mb": 3389.79296875,
          "samples": 1,
          "status": "success"
        }
      ]
    },
    {
      "batch_size": 20,
      "runs": 3,
      "avg_time": 0.34592413902282715,
      "min_time": 0.3193626403808594,
      "max_time": 0.3892033100128174,
      "avg_throughput": 58.254635069937294,
      "avg_cpu": 4.3,
      "max_cpu": 12.3,
      "avg_memory_mb": 3406.9205729166665,
      "success_rate": 100.0,
      "raw_results": [
        {
          "batch_size": 20,
          "run": 1,
          "execution_time": 0.3892033100128174,
          "successful": 20,
          "failed": 0,
          "throughput": 51.38702443034555,
          "initial_cpu": 3.7,
          "cpu_avg": 0.0,
          "cpu_max": 0.0,
          "cpu_min": 0.0,
          "memory_avg_mb": 3390.0625,
          "memory_max_mb": 3390.0625,
          "samples": 1,
          "status": "success"
        },
        {
          "batch_size": 20,
          "run": 2,
          "execution_time": 0.3292064666748047,
          "successful": 20,
          "failed": 0,
          "throughput": 60.75214804257267,
          "initial_cpu": 0.0,
          "cpu_avg": 0.6,
          "cpu_max": 0.6,
          "cpu_min": 0.6,
          "memory_avg_mb": 3413.390625,
          "memory_max_mb": 3413.390625,
          "samples": 1,
          "status": "success"
        },
        {
          "batch_size": 20,
          "run": 3,
          "execution_time": 0.3193626403808594,
          "successful": 20,
          "failed": 0,
          "throughput": 62.624732736893655,
          "initial_cpu": 12.8,
          "cpu_avg": 12.3,
          "cpu_max": 12.3,
          "cpu_min": 12.3,
          "memory_avg_mb": 3417.30859375,
          "memory_max_mb": 3417.30859375,
          "samples": 1,
          "status": "success"
        }
      ]
    },
    {
      "batch_size": 30,
      "runs": 3,
      "avg_time": 0.5031511783599854,
      "min_time": 0.39536285400390625,
      "max_time": 0.7023937702178955,
      "avg_throughput": 63.81996268432054,
      "avg_cpu": 3.4166666666666665,
      "max_cpu": 6.2,
      "avg_memory_mb": 3408.6302083333335,
      "success_rate": 100.0,
      "raw_results": [
        {
          "batch_size": 30,
          "run": 1,
          "execution_time": 0.4116969108581543,
          "successful": 30,
          "failed": 0,
          "throughput": 72.86914040104656,
          "initial_cpu": 5.6,
          "cpu_avg": 6.2,
          "cpu_max": 6.2,
          "cpu_min": 6.2,
          "memory_avg_mb": 3381.13671875,
          "memory_max_mb": 3381.13671875,
          "samples": 1,
          "status": "success"
        },
        {
          "batch_size": 30,
          "run": 2,
          "execution_time": 0.7023937702178955,
          "successful": 30,
          "failed": 0,
          "throughput": 42.71108496690317,
          "initial_cpu": 1.2,
          "cpu_avg": 4.05,
          "cpu_max": 5.6,
          "cpu_min": 2.5,
          "memory_avg_mb": 3417.74609375,
          "memory_max_mb": 3425.2734375,
          "samples": 2,
          "status": "success"
        },
        {
          "batch_size": 30,
          "run": 3,
          "execution_time": 0.39536285400390625,
          "successful": 30,
          "failed": 0,
          "throughput": 75.87966268501187,
          "initial_cpu": 7.5,
          "cpu_avg": 0.0,
          "cpu_max": 0.0,
          "cpu_min": 0.0,
          "memory_avg_mb": 3427.0078125,
          "memory_max_mb": 3427.0078125,
          "samples": 1,
          "status": "success"
        }
      ]
    },
    {
      "batch_size": 50,
      "runs": 3,
      "avg_time": 0.8391954104105631,
      "min_time": 0.8032174110412598,
      "max_time": 0.8716542720794678,
      "avg_throughput": 59.6479702215707,
      "avg_cpu": 4.733333333333333,
      "max_cpu": 18.4,
      "avg_memory_mb": 3424.001953125,
      "success_rate": 100.0,
      "raw_results": [
        {
          "batch_size": 50,
          "run": 1,
          "execution_time": 0.8716542720794678,
          "successful": 50,
          "failed": 0,
          "throughput": 57.36219232966893,
          "initial_cpu": 7.5,
          "cpu_avg": 2.85,
          "cpu_max": 4.4,
          "cpu_min": 1.3,
          "memory_avg_mb": 3402.1875,
          "memory_max_mb": 3408.3515625,
          "samples": 2,
          "status": "success"
        },
        {
          "batch_size": 50,
          "run": 2,
          "execution_time": 0.8032174110412598,